{
  "loss": [
    2.6965837478637695,
    2.1497843265533447,
    2.025902032852173,
    1.7424757480621338,
    1.6027065515518188,
    1.511569857597351,
    1.2532991170883179,
    1.2951900959014893,
    1.5296434164047241,
    1.2333556413650513
  ],
  "accuracy": [
    0.18543046712875366,
    0.2715231776237488,
    0.33774834871292114,
    0.38410595059394836,
    0.41721853613853455,
    0.46357616782188416,
    0.5364238619804382,
    0.5761589407920837,
    0.49668875336647034,
    0.5960264801979065
  ],
  "val_loss": [
    1.6721534729003906,
    1.4862803220748901,
    1.3527899980545044,
    1.2608379125595093,
    1.1980443000793457,
    1.1464948654174805,
    1.0595303773880005,
    0.9879418611526489,
    0.951563835144043,
    0.912321925163269
  ],
  "val_accuracy": [
    0.3333333432674408,
    0.4166666567325592,
    0.5555555820465088,
    0.6111111044883728,
    0.6944444179534912,
    0.6944444179534912,
    0.75,
    0.75,
    0.75,
    0.7777777910232544
  ],
  "lr": [
    0.0010000000474974513,
    0.0010000000474974513,
    0.0010000000474974513,
    0.0010000000474974513,
    0.0010000000474974513,
    0.0010000000474974513,
    0.0010000000474974513,
    0.0010000000474974513,
    0.0010000000474974513,
    0.0010000000474974513
  ]
}