{
  "loss": [
    3.0784413814544678,
    2.2474751472473145,
    1.9923046827316284,
    1.8166913986206055,
    1.5163923501968384,
    1.5728445053100586,
    1.6544431447982788,
    1.3993345499038696,
    1.2906666994094849,
    1.2723491191864014
  ],
  "accuracy": [
    0.11258278042078018,
    0.2781457006931305,
    0.34437087178230286,
    0.3708609342575073,
    0.503311276435852,
    0.4834437072277069,
    0.4370861053466797,
    0.5099337697029114,
    0.5364238619804382,
    0.5298013091087341
  ],
  "val_loss": [
    1.87765634059906,
    1.695944905281067,
    1.6139941215515137,
    1.5138750076293945,
    1.4075026512145996,
    1.3238495588302612,
    1.27175772190094,
    1.224633812904358,
    1.1831507682800293,
    1.1645703315734863
  ],
  "val_accuracy": [
    0.25,
    0.3611111044883728,
    0.4166666567325592,
    0.5,
    0.5833333134651184,
    0.6111111044883728,
    0.6388888955116272,
    0.6388888955116272,
    0.6666666865348816,
    0.6944444179534912
  ],
  "lr": [
    0.0010000000474974513,
    0.0010000000474974513,
    0.0010000000474974513,
    0.0010000000474974513,
    0.0010000000474974513,
    0.0010000000474974513,
    0.0010000000474974513,
    0.0010000000474974513,
    0.0010000000474974513,
    0.0010000000474974513
  ]
}